Workbook

Sheet Instrucciones
A1: Instrucciones · campaña LinkedIn outreach
A3: Objetivo | B3: Invitar a PhDs en transición a usar el analizador gratis en solcaciencia.com/revisar-cv vía solicitudes de conexión LinkedIn con nota personalizada.
A5: Flujo operativo
A6: 1. | B6: Claude prepara cola de perfiles desde la búsqueda LinkedIn (ver hoja 'Tracker').
A7: 2. | B7: Claude envía 10-15 solicitudes de conexión por día (Lun-Vie) usando variantes V1-V4 rotativas (ver hoja 'Mensajes').
A8: 3. | B8: Cada envío se registra en 'Tracker' con fecha, perfil, variante, estado inicial = 'Enviado'.
A9: 4. | B9: Oscar revisa periódicamente y actualiza estado a 'Aceptado' / 'Respondió' / 'Bloqueado'.
A10: 5. | B10: Hoja 'Resumen' calcula tasas automáticamente.
A12: Reglas de seguridad
A13: · | B13: Volumen: 10-15 por día. Lunes a viernes.
A14: · | B14: Si tasa de aceptación cae <15%: PAUSAR 1 semana, revisar mensaje o segmentación.
A15: · | B15: Si aparece warning de LinkedIn ("estás enviando demasiadas solicitudes"): PAUSAR inmediato, esperar 7 días.
A16: · | B16: Si alguno responde, NO copiar-pegar — responder personalmente.
A17: · | B17: Cero envíos sábado y domingo.
A19: Filtros usados
A20: · | B20: Job title: PhD Candidate, Doctorando, Postdoc, Investigador Postdoctoral, Doctor en Ciencias
A21: · | B21: Educación: Doctorado / PhD
A22: · | B22: Sector: Pharmaceuticals, Biotechnology, Medical Devices, Higher Education, Research, Hospitals
A23: · | B23: Ubicación: México, Brasil, Argentina, Colombia, Chile, España (priorizar primeros 5)
A24: · | B24: Keywords: 'open to work' OR 'transición' OR 'Medical Affairs' OR 'Clinical Research'
A26: Anti-filtros (excluir)
A27: · | B27: Senior Director +, VP, C-level (ya están dentro de pharma)
A28: · | B28: +10 años de experiencia en pharma
A29: · | B29: Reclutadores y headhunters
A31: Tracking de link
A32: · | B32: Link usado: solcaciencia.com/revisar-cv?ref=li
A33: · | B33: El parámetro ?ref=li permite identificar tráfico LinkedIn en Cloudflare Analytics.
A34: · | B34: Si no tienes analytics activos, esto es solo para tu referencia.

Sheet Tracker
A1: Fecha enviado | B1: Hora | C1: Nombre | D1: Apellido | E1: Headline LinkedIn | F1: País | G1: Sector / Industria | H1: URL perfil | I1: Variante msj (V1-V4) | J1: Estado | K1: Fecha respuesta | L1: Click registrado? | M1: Notas
A2: 46162 | B2: 11:45 | C2: Andrea | D2: Molina Pineda | E2: PhD in Biomedical Sciences-Immunology · Univ. de Guadalajara | F2: México | G2: Investigación / Higher Education | H2: https://www.linkedin.com/in/andrea-molina-pineda/ | I2: V1 | J2: Enviado
A3: 46162 | B3: 11:46 | C3: Benjamin | D3: Garcia Ramirez | E3: Postdoctoral Researcher · UNAM | F3: México | G3: Investigación / Higher Education | H3: https://www.linkedin.com/in/benjamin-garcia-ramirez/ | I3: V2 | J3: Enviado
A4: 46162 | B4: 11:47 | C4: Valentina | D4: Cajiao Checchin | E4: PhD Chemistry · Lic. Biotecnología y Biología Molecular | F4: México | G4: Investigación / Higher Education | H4: https://www.linkedin.com/in/valentina-c-cajiao-checchin/ | I4: V3 | J4: Enviado
A5: 46162 | B5: 11:48 | C5: Benjamin | D5: Viada | E5: Postdoctoral Researcher · Bolsista de Pós-doutorado FAPESP | F5: Brasil | G5: Investigación / Higher Education | H5: https://www.linkedin.com/in/benjamin-viada/ | I5: V4 | J5: Enviado
A6: 46162 | B6: 11:48 | C6: Marisol | D6: Espitia Fajardo | E6: Investigadora posdoctoral · CINVESTAV · PhD en Ciencias Biología | F6: México | G6: Investigación / Higher Education | H6: https://www.linkedin.com/in/marisol-espitia-fajardo/ | I6: V1 | J6: Enviado
A7: 46162 | B7: 11:51 | C7: Magaly | D7: Elizabeth Custodio | E7: Pharmaceutical Microbiology / QC Specialist | F7: México | G7: Pharmaceuticals | H7: https://www.linkedin.com/in/magaly-elizabeth-custodio/ | I7: V2 | J7: Enviado
A8: 46162 | B8: 11:52 | C8: Mariano | D8: Eliécer Acosta Lobo | E8: Biólogo, MSc y PhD en Biotecnología · Docente investigador | F8: México | G8: Investigación / Higher Education | H8: https://www.linkedin.com/in/mariano-eliecer-acosta-lobo/ | I8: V3 | J8: Enviado
A9: 46162 | B9: 11:53 | C9: Carolina | D9: Romero | E9: iB3-UBA · Inst. Biotecnología, Biociencias y Biología Traslacional | F9: Argentina | G9: Investigación / Higher Education | H9: https://www.linkedin.com/in/carolina-romero-uba/ | I9: V4 | J9: Enviado
A10: 46162 | B10: 11:54 | C10: Dira Patricia | D10: Barragán Torres | E10: Biological Engineer | F10: México | G10: Biotecnología / Engineering | H10: https://www.linkedin.com/in/dira-patricia-barragan-torres/ | I10: V1 | J10: Enviado
A11: 46162 | B11: 11:57 | C11: Aldo Gael | D11: Luna Almaraz | E11: Bioprocess Engineer · R&D in Bioplastics · BSc Genomic Biotechnology | F11: México | G11: Biotecnología / Industry | H11: https://www.linkedin.com/in/aldo-gael-luna-almaraz/ | I11: V2 | J11: Enviado
A12: 46162 | B12: 11:58 | C12: Eugenia | D12: Degregori | E12: Médica | F12: México | G12: Healthcare / Medicine | H12: https://www.linkedin.com/in/eugenia-degregori/ | I12: V3 | J12: Enviado
A13: 46162 | B13: 12:00 | C13: Guadalupe | D13: Caballero Patiño | E13: Ingeniera Bioquímica | F13: México | G13: Biotecnología / Engineering | H13: https://www.linkedin.com/in/guadalupe-caballero-patino/ | I13: V4 | J13: Enviado
... A16: 46162 | B16: 12:15 | C16: César | D16: Espino De la Fuente Muñoz | E16: Investigador Postdoctoral · Inst. Investigaciones Biomédicas UNAM · Premio Alzheimer 2023-2024 | F16: México | G16: Investigación / Higher Education | H16: https://www.linkedin.com/in/cesar-espino-de-la-fuente-munoz/ | I16: V3 | J16: Enviado

Sheet Mensajes
A1: Mensajes de outreach · LinkedIn → /revisar-cv
A3: Regla operativa:
A4: 1. Cada solicitud de conexión usa UNA variante (V1, V2, V3, V4). Rotar entre envíos.
A5: 2. NO mandar dos veces consecutivas la misma variante. Patrón: V1 → V2 → V3 → V4 → V1 → V2...
A6: 3. Si tienes el nombre del perfil, sustituye 'Hola!' por 'Hola [Nombre],'.
A7: 4. Si LinkedIn corta porque excede 200 chars, usa la versión más corta sin '?ref=li'.
A8: 5. Volumen objetivo: 10-15 envíos/día · Lun-Vie · 0 envíos Sáb-Dom.
A9: 6. Distribuir en el día: 3 a las 9 AM, 4 al medio día, 4 a las 4 PM, 3 a las 8 PM.
A12: Variante | B12: Texto del mensaje | C12: Caracteres
A13: V1 · Pregunta directa | B13: Hola! ¿estás aplicando a industria farmacéutica desde tu PhD? Hice un analizador gratis de CV con el filtro de un reclutador pharma. solcaciencia.com/revisar-cv?ref=li | C13: =LEN(B13) -> 167
A14: V2 · Buscando primer rol | B14: Hola! ¿Buscas tu primer rol en industria farmacéutica? Tengo un analizador gratis de CV con filtro de reclutador pharma. solcaciencia.com/revisar-cv?ref=li | C14: =LEN(B14) -> 155
A15: V3 · Transición academia | B15: Hola! ¿Estás en transición de academia a pharma? Hice un analizador gratis de CV con filtro de reclutador pharma. solcaciencia.com/revisar-cv?ref=li | C15: =LEN(B15) -> 148
A16: V4 · Interés general | B16: Hola! ¿Te interesa industria farmacéutica desde tu PhD? Tengo un analizador gratis de CV pensado para PhDs en transición. solcaciencia.com/revisar-cv?ref=li | C16: =LEN(B16) -> 156

Sheet Resumen
A1: Resumen de campaña · LinkedIn → /revisar-cv
A3: Métrica | B3: Valor | C3: Benchmark
A4: Total enviados | B4: =COUNTIF(Tracker!J:J,"Enviado")+COUNTIF(Tracker!J:J,"Aceptado")+COUNTIF(Tracker!J:J,"Respondió")+COUNTIF(Tracker!J:J,"Bounce")+COUNTIF(Tracker!J:J,"Bloqueado") -> 15
A5: Pendientes (en cola) | B5: =COUNTIF(Tracker!J:J,"Pendiente") -> 0
A6: Aceptados | B6: =COUNTIF(Tracker!J:J,"Aceptado")+COUNTIF(Tracker!J:J,"Respondió") -> 0
A7: Tasa de aceptación | B7: =IFERROR(B6/B4,0) -> 0 | C7: >30% bien · <15% pausa
A8: Respondidos | B8: =COUNTIF(Tracker!J:J,"Respondió") -> 0
A9: Tasa de respuesta | B9: =IFERROR(B8/B6,0) -> 0 | C9: 10-25% bien
A10: Bloqueados / restringidos | B10: =COUNTIF(Tracker!J:J,"Bloqueado") -> 0 | C10: 0 ideal · si >0 PAUSAR
A11: Clicks reportados | B11: =COUNTIF(Tracker!L:L,"Sí") -> 0
A14: Distribución por país
A15: País | B15: Enviados | C15: Aceptados
A16: México | B16: =COUNTIFS(Tracker!F:F,A16) -> 12 | C16: =COUNTIFS(Tracker!F:F,A16,Tracker!J:J,"Aceptado")+COUNTIFS(Tracker!F:F,A16,Tracker!J:J,"Respondió") -> 0
A17: Brasil | B17: =COUNTIFS(Tracker!F:F,A17) -> 1 | C17: =COUNTIFS(Tracker!F:F,A17,Tracker!J:J,"Aceptado")+COUNTIFS(Tracker!F:F,A17,Tracker!J:J,"Respondió") -> 0
A18: Argentina | B18: =COUNTIFS(Tracker!F:F,A18) -> 2 | C18: =COUNTIFS(Tracker!F:F,A18,Tracker!J:J,"Aceptado")+COUNTIFS(Tracker!F:F,A18,Tracker!J:J,"Respondió") -> 0
A19: Colombia | B19: =COUNTIFS(Tracker!F:F,A19) -> 0 | C19: =COUNTIFS(Tracker!F:F,A19,Tracker!J:J,"Aceptado")+COUNTIFS(Tracker!F:F,A19,Tracker!J:J,"Respondió") -> 0
A20: Chile | B20: =COUNTIFS(Tracker!F:F,A20) -> 0 | C20: =COUNTIFS(Tracker!F:F,A20,Tracker!J:J,"Aceptado")+COUNTIFS(Tracker!F:F,A20,Tracker!J:J,"Respondió") -> 0
A21: España | B21: =COUNTIFS(Tracker!F:F,A21) -> 0 | C21: =COUNTIFS(Tracker!F:F,A21,Tracker!J:J,"Aceptado")+COUNTIFS(Tracker!F:F,A21,Tracker!J:J,"Respondió") -> 0
A22: Perú | B22: =COUNTIFS(Tracker!F:F,A22) -> 0 | C22: =COUNTIFS(Tracker!F:F,A22,Tracker!J:J,"Aceptado")+COUNTIFS(Tracker!F:F,A22,Tracker!J:J,"Respondió") -> 0
A25: Distribución por variante de mensaje
A26: Variante | B26: Enviados | C26: Aceptados
A27: V1 | B27: =COUNTIF(Tracker!I:I,A27) -> 4 | C27: =COUNTIFS(Tracker!I:I,A27,Tracker!J:J,"Aceptado")+COUNTIFS(Tracker!I:I,A27,Tracker!J:J,"Respondió") -> 0
A28: V2 | B28: =COUNTIF(Tracker!I:I,A28) -> 4 | C28: =COUNTIFS(Tracker!I:I,A28,Tracker!J:J,"Aceptado")+COUNTIFS(Tracker!I:I,A28,Tracker!J:J,"Respondió") -> 0
A29: V3 | B29: =COUNTIF(Tracker!I:I,A29) -> 4 | C29: =COUNTIFS(Tracker!I:I,A29,Tracker!J:J,"Aceptado")+COUNTIFS(Tracker!I:I,A29,Tracker!J:J,"Respondió") -> 0
A30: V4 | B30: =COUNTIF(Tracker!I:I,A30) -> 3 | C30: =COUNTIFS(Tracker!I:I,A30,Tracker!J:J,"Aceptado")+COUNTIFS(Tracker!I:I,A30,Tracker!J:J,"Respondió") -> 0
